Year,Quarter,State,Sample,Valid Cases,Replacement Ratio 1,Replacement Ratio 2,Average WBA,Average Weekly Wage
2018,1,AL,486,486,0.381,0.315,$225.61 ,$715.33 
2018,1,AK,465,464,0.325,0.286,$254.51 ,$889.86 
2018,1,AZ,475,474,0.393,0.293,$231.12 ,$789.50 
2018,1,AR,481,481,0.414,0.398,$283.74 ,$712.19 
2018,1,CA,970,970,0.467,0.376,$336.99 ,$896.77 
2018,1,CO,481,481,0.502,0.429,$430.21 ,"$1,002.17 "
2018,1,CT,485,480,0.442,0.406,$381.13 ,$938.19 
2018,1,DE,360,360,0.402,0.346,$264.07 ,$764.24 
2018,1,DC,364,363,0.388,0.322,$356.78 ,"$1,106.49 "
2018,1,FL,468,467,0.41,0.35,$247.59 ,$707.82 
2018,1,GA,520,516,0.439,0.351,$293.01 ,$833.95 
2018,1,HI,364,364,0.538,0.461,$498.23 ,"$1,079.88 "
2018,1,ID,486,485,0.486,0.448,$317.59 ,$708.25 
2018,1,IL,480,478,0.391,0.34,$333.84 ,$980.61 
2018,1,IN,483,482,0.369,0.337,$290.73 ,$862.00 
2018,2,AL,484,484,0.385,0.33,$225.27 ,$683.35 
2018,2,AK,482,479,0.318,0.282,$251.15 ,$891.48 
2018,2,AZ,480,479,0.39,0.292,$231.97 ,$793.39 
2018,2,AR,481,481,0.414,0.395,$282.31 ,$714.52 
2018,2,CA,931,931,0.461,0.366,$338.96 ,$925.79 
2018,2,CO,480,480,0.496,0.424,$433.35 ,"$1,020.97 "
2018,2,CT,483,480,0.44,0.41,$380.95 ,$928.09 
2018,2,DE,361,361,0.392,0.337,$262.71 ,$779.65 
2018,2,DC,364,363,0.394,0.322,$358.59 ,"$1,114.96 "
2018,2,FL,470,470,0.408,0.338,$247.89 ,$733.46 
2018,2,GA,520,516,0.447,0.365,$292.56 ,$802.29 
2018,2,HI,364,364,0.535,0.462,$500.34 ,"$1,082.53 "
2018,2,ID,485,483,0.479,0.441,$318.97 ,$723.24 
2018,2,IL,480,479,0.383,0.333,$333.50 ,"$1,000.48 "
2018,2,IN,481,481,0.368,0.336,$293.45 ,$872.21 
2018,3,AL,485,484,0.387,0.335,$224.75 ,$670.46 
2018,3,AK,477,475,0.317,0.28,$251.48 ,$897.59 
2018,3,AZ,476,473,0.386,0.294,$232.85 ,$791.83 
2018,3,AR,481,481,0.407,0.392,$277.94 ,$709.83 
2018,3,CA,878,878,0.456,0.361,$341.04 ,$945.06 
2018,3,CO,480,480,0.494,0.421,$434.06 ,"$1,032.00 "
2018,3,CT,483,481,0.441,0.409,$383.56 ,$937.84 
2018,3,DE,361,361,0.39,0.337,$263.59 ,$782.86 
2018,3,DC,364,363,0.394,0.324,$359.01 ,"$1,107.61 "
2018,3,FL,476,476,0.407,0.335,$248.23 ,$741.03 
2018,3,GA,516,512,0.435,0.352,$292.01 ,$830.05 
2018,3,HI,364,364,0.555,0.469,$505.24 ,"$1,076.31 "
2018,3,ID,479,477,0.479,0.445,$318.99 ,$716.10 
2018,3,IL,480,480,0.382,0.33,$333.15 ,"$1,010.66 "
2018,3,IN,492,492,0.374,0.342,$294.00 ,$859.04 
2018,4,AL,484,483,0.389,0.339,$225.70 ,$665.09 
2018,4,AK,469,465,0.321,0.281,$249.02 ,$885.49 
2018,4,AZ,478,476,0.386,0.294,$233.24 ,$794.56 
2018,4,AR,480,480,0.408,0.39,$272.36 ,$698.90 
2018,4,CA,796,796,0.46,0.366,$344.30 ,$941.55 
2018,4,CO,479,479,0.49,0.424,$437.80 ,"$1,032.59 "
2018,4,CT,483,481,0.444,0.416,$383.47 ,$921.44 
2018,4,DE,361,361,0.393,0.339,$264.30 ,$778.81 
2018,4,DC,364,364,0.398,0.325,$360.63 ,"$1,111.17 "
2018,4,FL,479,479,0.392,0.316,$249.03 ,$788.83 
2018,4,GA,507,505,0.43,0.348,$291.95 ,$839.47 
2018,4,HI,364,364,0.557,0.461,$514.48 ,"$1,115.82 "
2018,4,ID,488,485,0.484,0.444,$322.09 ,$725.42 
2018,4,IL,480,479,0.385,0.334,$335.93 ,"$1,005.29 "
2018,4,IN,504,504,0.374,0.338,$296.67 ,$877.83 
2019,1,AL,484,483,0.385,0.334,$227.64 ,$680.57 
2019,1,AK,471,466,0.319,0.284,$248.60 ,$874.27 
2019,1,AZ,488,486,0.384,0.322,$233.32 ,$723.81 
2019,1,AR,480,479,0.406,0.384,$268.00 ,$697.16 
2019,1,CA,675,675,0.455,0.362,$345.66 ,$955.18 
2019,1,CO,479,479,0.489,0.424,$445.81 ,"$1,051.17 "
2019,1,CT,483,480,0.452,0.427,$388.78 ,$911.11 
2019,1,DE,361,361,0.397,0.346,$264.40 ,$763.55 
2019,1,DC,364,364,0.396,0.32,$361.67 ,"$1,130.48 "
2019,1,FL,479,479,0.387,0.306,$249.44 ,$814.24 
2019,1,GA,499,498,0.441,0.363,$293.62 ,$808.80 
2019,1,HI,364,364,0.556,0.456,$526.95 ,"$1,155.73 "
2019,1,ID,486,483,0.485,0.451,$331.04 ,$734.76 
2019,1,IL,480,479,0.385,0.335,$341.95 ,"$1,021.79 "
2019,1,IN,504,503,0.375,0.341,$300.79 ,$881.85 
2019,2,AL,484,483,0.379,0.325,$229.25 ,$704.46 
2019,2,AK,481,478,0.31,0.277,$248.89 ,$899.59 
2019,2,AZ,486,484,0.375,0.312,$233.98 ,$749.82 
2019,2,AR,480,478,0.402,0.385,$267.80 ,$695.87 
2019,2,CA,655,655,0.451,0.353,$346.45 ,$981.29 
2019,2,CO,480,480,0.486,0.423,$449.09 ,"$1,061.19 "
2019,2,CT,483,479,0.455,0.423,$389.50 ,$921.37 
2019,2,DE,361,361,0.399,0.345,$265.71 ,$770.95 
2019,2,DC,364,364,0.393,0.327,$359.15 ,"$1,097.93 "
2019,2,FL,487,487,0.379,0.307,$250.40 ,$816.39 
2019,2,GA,489,488,0.431,0.352,$295.68 ,$838.81 
2019,2,HI,364,364,0.559,0.459,$529.22 ,"$1,152.21 "
2019,2,ID,486,483,0.492,0.454,$335.97 ,$739.40 
2019,2,IL,480,479,0.38,0.326,$344.17 ,"$1,054.85 "
2019,2,IN,482,481,0.374,0.336,$301.14 ,$895.60 
2019,3,AL,484,484,0.38,0.323,$231.05 ,$715.72 
2019,3,AK,480,477,0.309,0.276,$249.72 ,$906.02 
2019,3,AZ,488,488,0.368,0.304,$234.04 ,$770.49 
2019,3,AR,479,477,0.397,0.377,$267.57 ,$710.07 
2019,3,CA,663,662,0.45,0.352,$344.68 ,$977.91 
2019,3,CO,476,476,0.478,0.417,$450.57 ,"$1,079.97 "
2019,3,CT,483,480,0.445,0.416,$389.08 ,$935.02 
2019,3,DE,361,361,0.392,0.339,$266.10 ,$784.02 
2019,3,DC,392,392,0.39,0.325,$358.80 ,"$1,104.92 "
2019,3,FL,481,481,0.378,0.306,$251.30 ,$821.44 
2019,3,GA,483,482,0.434,0.332,$298.12 ,$897.91 
2019,3,HI,394,394,0.541,0.453,$532.20 ,"$1,175.04 "
2019,3,ID,460,457,0.493,0.457,$338.41 ,$739.73 
2019,3,IL,480,479,0.385,0.333,$346.92 ,"$1,043.16 "
2019,3,IN,454,453,0.363,0.327,$300.51 ,$920.25 
2019,4,AL,484,484,0.381,0.327,$232.06 ,$709.27 
2019,4,AK,480,479,0.308,0.274,$255.47 ,$930.92 
2019,4,AZ,484,483,0.367,0.304,$233.91 ,$769.81 
2019,4,AR,480,477,0.397,0.377,$270.74 ,$717.34 
2019,4,CA,644,643,0.441,0.346,$345.43 ,$997.22 
2019,4,CO,474,474,0.484,0.421,$453.89 ,"$1,077.55 "
2019,4,CT,483,480,0.447,0.418,$394.87 ,$945.01 
2019,4,DE,361,361,0.39,0.338,$272.55 ,$805.30 
2019,4,DC,423,423,0.386,0.322,$358.73 ,"$1,114.70 "
2019,4,FL,478,478,0.38,0.311,$251.62 ,$809.71 
2019,4,GA,482,481,0.441,0.335,$304.36 ,$908.85 
2019,4,HI,424,424,0.544,0.466,$535.50 ,"$1,149.85 "
2019,4,ID,431,429,0.493,0.463,$340.65 ,$736.51 
2019,4,IL,480,479,0.382,0.326,$351.06 ,"$1,076.04 "
2019,4,IN,469,468,0.367,0.332,$300.59 ,$905.65 
2020,1,AL,484,484,0.388,0.332,$234.18 ,$705.44 
2020,1,AK,487,487,0.318,0.281,$259.50 ,$922.11 
2020,1,AZ,480,477,0.369,0.306,$234.51 ,$765.30 
2020,1,AR,480,477,0.395,0.382,$275.34 ,$720.25 
2020,1,CA,737,735,0.436,0.342,$347.38 ,"$1,015.77 "
2020,1,CO,436,436,0.486,0.43,$458.45 ,"$1,066.88 "
2020,1,CT,483,480,0.435,0.398,$396.83 ,$996.42 
2020,1,DE,361,361,0.392,0.346,$284.68 ,$821.94 
2020,1,DC,450,450,0.404,0.337,$360.36 ,"$1,068.09 "
2020,1,FL,483,483,0.377,0.312,$252.34 ,$807.84 
2020,1,GA,480,480,0.437,0.333,$310.30 ,$930.85 
2020,1,HI,441,441,0.53,0.456,$535.81 ,"$1,174.94 "
2020,1,ID,395,394,0.502,0.467,$350.85 ,$751.20 
2020,1,IL,480,479,0.385,0.329,$355.79 ,"$1,081.80 "
2020,1,IN,461,461,0.36,0.325,$303.79 ,$934.60 
2020,2,AL,362,362,0.396,0.34,$234.98 ,$692.03 
2020,2,AK,361,361,0.324,0.283,$263.59 ,$930.16 
2020,2,AZ,357,354,0.371,0.306,$234.68 ,$765.73 
2020,2,AR,358,356,0.394,0.38,$276.71 ,$727.31 
2020,2,CA,569,567,0.433,0.346,$348.10 ,"$1,006.70 "
2020,2,CO,316,316,0.487,0.429,$459.64 ,"$1,072.33 "
2020,2,CT,362,360,0.43,0.395,$399.13 ,"$1,010.26 "
2020,2,DE,270,270,0.393,0.356,$289.09 ,$811.72 
2020,2,DC,359,359,0.404,0.338,$361.37 ,"$1,068.32 "
2020,2,FL,356,356,0.383,0.316,$252.22 ,$797.98 
2020,2,GA,360,360,0.445,0.332,$313.38 ,$944.80 
2020,2,HI,350,350,0.522,0.45,$539.11 ,"$1,196.83 "
2020,2,ID,273,273,0.501,0.471,$352.17 ,$747.35 
2020,2,IL,360,359,0.395,0.342,$358.42 ,"$1,046.70 "
2020,2,IN,333,333,0.358,0.326,$305.94 ,$939.52 
2020,3,AL,357,357,0.443,0.381,$238.97 ,$627.76 
2020,3,AK,363,363,0.326,0.288,$252.22 ,$875.55 
2020,3,AZ,349,344,0.363,0.302,$235.93 ,$780.84 
2020,3,AR,360,358,0.394,0.386,$243.73 ,$631.03 
2020,3,CA,476,474,0.407,0.341,$312.37 ,$915.37 
2020,3,CO,319,318,0.483,0.417,$402.50 ,$965.88 
2020,3,CT,363,359,0.399,0.38,$318.60 ,$838.62 
2020,3,DE,270,270,0.398,0.383,$253.91 ,$662.53 
2020,3,DC,357,357,0.426,0.388,$348.15 ,$898.44 
2020,3,FL,356,356,0.408,0.344,$236.54 ,$688.48 
2020,3,GA,360,359,0.454,0.408,$265.09 ,$649.55 
2020,3,HI,307,307,0.596,0.529,$457.55 ,$865.07 
2020,3,ID,260,259,0.502,0.468,$319.24 ,$682.76 
2020,3,IL,360,359,0.396,0.358,$304.49 ,$850.04 
2020,3,IN,361,360,0.352,0.326,$239.35 ,$734.38 
2020,4,AL,349,349,0.449,0.386,$241.50 ,$625.09 
2020,4,AK,363,360,0.319,0.268,$252.45 ,$940.54 
2020,4,AZ,342,331,0.363,0.308,$236.06 ,$766.40 
2020,4,AR,360,356,0.394,0.378,$241.90 ,$640.71 
2020,4,CA,419,416,0.405,0.343,$307.50 ,$895.49 
2020,4,CO,322,319,0.486,0.427,$398.39 ,$931.93 
2020,4,CT,365,359,0.397,0.37,$311.75 ,$842.75 
2020,4,DE,270,270,0.392,0.371,$250.74 ,$675.51 
2020,4,DC,355,355,0.431,0.393,$347.41 ,$884.98 
2020,4,FL,356,356,0.406,0.343,$234.59 ,$683.90 
2020,4,GA,360,356,0.444,0.399,$262.09 ,$657.13 
2020,4,HI,264,264,0.619,0.554,$451.63 ,$815.81 
2020,4,ID,265,263,0.497,0.457,$320.87 ,$701.78 
2020,4,IL,360,359,0.388,0.343,$301.93 ,$881.06 
2020,4,IN,330,325,0.351,0.326,$233.81 ,$716.85 
2021,1,AL,346,346,0.459,0.391,$244.49 ,$625.26 
2021,1,AK,364,360,0.317,0.27,$252.77 ,$934.74 
2021,1,AZ,352,334,0.357,0.3,$236.14 ,$785.83 
2021,1,AR,360,355,0.395,0.376,$239.42 ,$636.61 
2021,1,CA,328,325,0.406,0.346,$307.65 ,$887.91 
2021,1,CO,360,345,0.488,0.428,$405.89 ,$947.61 
2021,1,CT,365,360,0.392,0.359,$307.62 ,$855.74 
2021,1,DE,270,270,0.39,0.366,$249.12 ,$679.74 
2021,1,DC,357,356,0.425,0.382,$349.67 ,$915.40 
2021,1,FL,356,354,0.402,0.338,$234.59 ,$693.51 
2021,1,GA,366,358,0.445,0.402,$262.59 ,$653.04 
2021,1,HI,234,233,0.62,0.55,$451.41 ,$820.66 
2021,1,ID,267,265,0.484,0.447,$321.22 ,$718.79 
2021,1,IL,360,358,0.385,0.344,$302.83 ,$881.34 
2021,1,IN,351,345,0.348,0.325,$232.54 ,$716.21 
2021,2,AL,499,498,0.457,0.384,$246.57 ,$641.97 
2021,2,AK,481,476,0.315,0.27,$253.53 ,$938.97 
2021,2,AZ,486,467,0.357,0.3,$236.31 ,$786.76 
2021,2,AR,482,476,0.391,0.372,$239.75 ,$644.34 
2021,2,CA,465,462,0.405,0.344,$309.87 ,$901.36 
2021,2,CO,480,464,0.484,0.428,$406.47 ,$950.29 
2021,2,CT,486,481,0.394,0.364,$310.96 ,$855.38 
2021,2,DE,360,351,0.388,0.365,$252.60 ,$691.46 
2021,2,DC,480,478,0.421,0.373,$351.02 ,$942.25 
2021,2,FL,480,478,0.399,0.335,$234.58 ,$700.26 
2021,2,GA,488,474,0.447,0.401,$264.02 ,$657.83 
2021,2,HI,312,309,0.617,0.543,$454.31 ,$835.90 
2021,2,ID,365,363,0.484,0.445,$325.00 ,$729.53 
2021,2,IL,479,476,0.383,0.343,$304.86 ,$888.79 
2021,2,IN,484,477,0.347,0.325,$235.59 ,$724.92 
2021,3,AL,504,503,0.456,0.372,$256.03 ,$687.71 
2021,3,AK,480,474,0.307,0.259,$258.41 ,$996.57 
2021,3,AZ,480,462,0.351,0.3,$236.84 ,$789.05 
2021,3,AR,481,475,0.383,0.358,$250.75 ,$701.07 
2021,3,CA,467,464,0.412,0.346,$320.15 ,$925.71 
2021,3,CO,479,464,0.486,0.444,$421.22 ,$949.50 
2021,3,CT,486,481,0.4,0.359,$337.96 ,$942.59 
2021,3,DE,353,341,0.38,0.347,$269.54 ,$777.33 
2021,3,DC,483,479,0.409,0.346,$357.94 ,"$1,034.94 "
2021,3,FL,480,478,0.383,0.321,$235.65 ,$733.68 
2021,3,GA,488,464,0.438,0.389,$271.34 ,$697.36 
2021,3,HI,354,350,0.628,0.539,$465.66 ,$863.30 
2021,3,ID,374,373,0.475,0.44,$348.30 ,$792.31 
2021,3,IL,481,478,0.373,0.33,$320.28 ,$971.58 
2021,3,IN,484,477,0.343,0.32,$249.51 ,$779.11 
2021,4,AL,515,514,0.454,0.361,$259.02 ,$717.63 
2021,4,AK,478,474,0.306,0.273,$258.88 ,$946.65 
2021,4,AZ,480,467,0.342,0.287,$237.44 ,$828.53 
2021,4,AR,480,477,0.369,0.356,$249.35 ,$700.70 
2021,4,CA,479,476,0.416,0.347,$331.40 ,$955.58 
2021,4,CO,480,467,0.474,0.435,$431.37 ,$992.19 
2021,4,CT,489,484,0.397,0.36,$350.07 ,$972.69 
2021,4,DE,280,268,0.38,0.352,$282.67 ,$803.49 
2021,4,DC,482,478,0.388,0.319,$367.25 ,"$1,152.35 "
2021,4,FL,480,478,0.371,0.309,$239.22 ,$773.36 
2021,4,GA,490,465,0.456,0.399,$285.72 ,$715.81 
2021,4,HI,396,388,0.57,0.476,$490.30 ,"$1,030.44 "
2021,4,ID,359,359,0.474,0.44,$354.34 ,$804.97 
2021,4,IL,481,479,0.376,0.342,$325.66 ,$952.84 
2021,4,IN,495,492,0.331,0.311,$260.89 ,$839.42 
2022,1,AL,520,518,0.427,0.344,$254.68 ,$740.69 
2022,1,AK,477,474,0.301,0.264,$260.53 ,$988.15 
2022,1,AZ,472,466,0.348,0.3,$237.99 ,$794.32 
2022,1,AR,480,478,0.355,0.339,$247.41 ,$730.76 
2022,1,CA,479,477,0.413,0.34,$337.97 ,$992.66 
2022,1,CO,477,476,0.462,0.432,$418.75 ,$969.43 
2022,1,CT,490,480,0.402,0.38,$364.44 ,$958.00 
2022,1,DE,211,199,0.377,0.354,$295.17 ,$833.02 
2022,1,DC,482,478,0.381,0.3,$368.25 ,"$1,226.70 "
2022,1,FL,483,481,0.368,0.309,$240.34 ,$778.29 
2022,1,GA,484,461,0.454,0.388,$290.67 ,$749.02 
2022,1,HI,396,385,0.555,0.469,$501.71 ,"$1,069.46 "
2022,1,ID,365,365,0.484,0.448,$363.52 ,$811.90 
2022,1,IL,481,480,0.371,0.337,$329.97 ,$980.18 
2022,1,IN,497,495,0.33,0.309,$265.49 ,$859.45 
2022,2,AL,487,486,0.41,0.344,$249.87 ,$726.38 
2022,2,AK,482,480,0.301,0.267,$263.86 ,$990.02 
2022,2,AZ,479,469,0.34,0.294,$238.19 ,$810.30 
2022,2,AR,480,479,0.358,0.337,$257.43 ,$763.88 
2022,2,CA,441,439,0.423,0.353,$346.66 ,$980.96 
2022,2,CO,474,474,0.467,0.438,$432.74 ,$987.63 
2022,2,CT,503,483,0.41,0.377,$391.00 ,"$1,038.50 "
2022,2,DE,121,118,0.382,0.352,$307.21 ,$872.07 
2022,2,DC,479,473,0.379,0.293,$374.60 ,"$1,276.79 "
2022,2,FL,480,477,0.363,0.304,$245.96 ,$809.71 
2022,2,GA,483,464,0.43,0.367,$307.31 ,$837.78 
2022,2,HI,396,386,0.544,0.464,$509.68 ,"$1,097.92 "
2022,2,ID,362,360,0.481,0.445,$374.94 ,$842.41 
2022,2,IL,482,482,0.373,0.339,$344.87 ,"$1,018.71 "
2022,2,IN,481,479,0.323,0.301,$275.79 ,$917.30 
2018,1,IA,480,475,0.525,0.479,$379.34 ,$791.48 
2018,1,KS,489,488,0.496,0.446,$384.05 ,$861.91 
2018,1,KY,520,506,0.48,0.428,$339.93 ,$794.49 
2018,1,LA,459,458,0.362,0.309,$214.75 ,$695.53 
2018,1,ME,481,481,0.51,0.465,$334.44 ,$718.50 
2018,1,MD,488,487,0.472,0.407,$347.05 ,$852.32 
2018,1,MA,491,487,0.448,0.4,$489.25 ,"$1,222.74 "
2018,1,MI,484,482,0.475,0.421,$319.81 ,$760.08 
2018,1,MN,472,471,0.476,0.431,$446.59 ,"$1,035.11 "
2018,1,MS,498,496,0.401,0.315,$206.88 ,$656.84 
2018,1,MO,478,473,0.401,0.343,$262.88 ,$766.57 
2018,1,MT,364,364,0.478,0.46,$354.68 ,$770.80 
2018,1,NE,361,361,0.476,0.419,$333.05 ,$794.33 
2018,1,NV,498,498,0.5,0.419,$345.79 ,$825.78 
2018,1,NH,362,361,0.386,0.327,$328.93 ,"$1,004.99 "
2018,2,IA,480,478,0.525,0.481,$379.79 ,$790.21 
2018,2,KS,484,482,0.498,0.451,$381.22 ,$844.75 
2018,2,KY,520,506,0.49,0.442,$348.49 ,$788.14 
2018,2,LA,481,478,0.36,0.306,$212.32 ,$693.00 
2018,2,ME,481,481,0.509,0.463,$334.54 ,$722.86 
2018,2,MD,492,491,0.473,0.405,$348.00 ,$858.92 
2018,2,MA,488,484,0.449,0.403,$491.37 ,"$1,219.72 "
2018,2,MI,480,477,0.473,0.421,$318.68 ,$757.15 
2018,2,MN,483,482,0.476,0.432,$447.75 ,"$1,035.38 "
2018,2,MS,498,496,0.406,0.317,$206.52 ,$650.95 
2018,2,MO,480,474,0.404,0.342,$263.67 ,$770.81 
2018,2,MT,364,364,0.477,0.46,$353.05 ,$767.62 
2018,2,NE,361,361,0.476,0.417,$334.83 ,$803.24 
2018,2,NV,490,490,0.506,0.42,$346.64 ,$826.29 
2018,2,NH,361,361,0.387,0.324,$330.42 ,"$1,018.78 "
2018,3,IA,480,478,0.531,0.488,$381.26 ,$781.51 
2018,3,KS,482,479,0.509,0.453,$381.77 ,$843.36 
2018,3,KY,504,490,0.492,0.446,$354.04 ,$793.28 
2018,3,LA,485,481,0.364,0.312,$212.94 ,$682.55 
2018,3,ME,479,478,0.508,0.461,$337.51 ,$732.42 
2018,3,MD,486,485,0.472,0.414,$350.72 ,$847.68 
2018,3,MA,514,511,0.453,0.41,$499.88 ,"$1,220.47 "
2018,3,MI,482,480,0.468,0.417,$319.28 ,$765.27 
2018,3,MN,482,481,0.481,0.438,$450.29 ,"$1,027.59 "
2018,3,MS,498,496,0.404,0.311,$207.78 ,$667.55 
2018,3,MO,476,469,0.398,0.332,$265.11 ,$798.63 
2018,3,MT,364,364,0.481,0.466,$355.44 ,$762.51 
2018,3,NE,360,360,0.471,0.416,$335.14 ,$805.19 
2018,3,NV,490,490,0.501,0.413,$347.99 ,$842.17 
2018,3,NH,361,361,0.39,0.332,$332.09 ,$999.64 
2018,4,IA,480,479,0.533,0.495,$381.41 ,$769.76 
2018,4,KS,492,489,0.516,0.451,$380.00 ,$842.64 
2018,4,KY,492,484,0.489,0.448,$358.17 ,$800.23 
2018,4,LA,484,480,0.364,0.309,$212.76 ,$688.80 
2018,4,ME,485,484,0.504,0.45,$341.45 ,$759.03 
2018,4,MD,484,482,0.473,0.41,$352.23 ,$859.30 
2018,4,MA,510,508,0.464,0.423,$502.06 ,"$1,188.12 "
2018,4,MI,484,481,0.463,0.414,$320.77 ,$775.36 
2018,4,MN,467,466,0.48,0.44,$451.98 ,"$1,026.40 "
2018,4,MS,498,497,0.409,0.355,$208.30 ,$586.99 
2018,4,MO,480,469,0.401,0.337,$265.81 ,$789.47 
2018,4,MT,364,364,0.48,0.465,$356.09 ,$765.47 
2018,4,NE,361,361,0.477,0.427,$336.51 ,$788.72 
2018,4,NV,490,490,0.501,0.414,$350.08 ,$845.34 
2018,4,NH,361,361,0.391,0.339,$331.62 ,$977.69 
2019,1,IA,480,479,0.539,0.493,$388.05 ,$786.51 
2019,1,KS,485,482,0.517,0.445,$383.31 ,$860.48 
2019,1,KY,492,483,0.484,0.441,$363.14 ,$822.60 
2019,1,LA,486,482,0.352,0.295,$212.76 ,$721.81 
2019,1,ME,488,487,0.517,0.476,$346.82 ,$727.96 
2019,1,MD,478,477,0.467,0.398,$355.67 ,$892.61 
2019,1,MA,509,507,0.478,0.442,$513.20 ,"$1,161.91 "
2019,1,MI,480,475,0.45,0.391,$324.03 ,$828.81 
2019,1,MN,463,462,0.495,0.459,$459.76 ,"$1,001.48 "
2019,1,MS,498,498,0.404,0.315,$210.25 ,$667.74 
2019,1,MO,480,467,0.403,0.331,$267.80 ,$808.40 
2019,1,MT,364,364,0.492,0.475,$370.80 ,$780.57 
2019,1,NE,360,360,0.463,0.419,$341.11 ,$813.59 
2019,1,NV,490,490,0.497,0.419,$357.18 ,$852.07 
2019,1,NH,363,362,0.381,0.33,$335.02 ,"$1,016.14 "
2019,2,IA,480,479,0.53,0.485,$388.82 ,$802.03 
2019,2,KS,484,480,0.513,0.437,$385.59 ,$882.31 
2019,2,KY,492,481,0.489,0.447,$365.26 ,$816.62 
2019,2,LA,486,483,0.351,0.294,$214.18 ,$727.37 
2019,2,ME,487,486,0.515,0.471,$349.16 ,$741.61 
2019,2,MD,478,477,0.469,0.404,$356.44 ,$881.97 
2019,2,MA,508,507,0.484,0.439,$517.38 ,"$1,177.54 "
2019,2,MI,482,477,0.442,0.375,$326.53 ,$870.04 
2019,2,MN,480,479,0.502,0.466,$462.75 ,$993.78 
2019,2,MS,498,498,0.397,0.31,$211.38 ,$681.91 
2019,2,MO,480,468,0.405,0.339,$267.64 ,$788.98 
2019,2,MT,364,364,0.492,0.469,$373.90 ,$797.60 
2019,2,NE,361,361,0.463,0.434,$341.44 ,$787.04 
2019,2,NV,488,487,0.495,0.419,$363.37 ,$867.56 
2019,2,NH,364,362,0.383,0.328,$335.68 ,"$1,023.27 "
2019,3,IA,480,479,0.528,0.485,$390.41 ,$804.41 
2019,3,KS,490,487,0.504,0.435,$387.12 ,$890.44 
2019,3,KY,492,481,0.496,0.448,$366.57 ,$817.87 
2019,3,LA,495,493,0.343,0.289,$214.14 ,$740.25 
2019,3,ME,470,470,0.516,0.472,$349.55 ,$740.15 
2019,3,MD,478,477,0.465,0.4,$355.47 ,$889.05 
2019,3,MA,508,507,0.48,0.432,$518.18 ,"$1,199.68 "
2019,3,MI,480,474,0.447,0.38,$327.83 ,$862.47 
2019,3,MN,472,472,0.501,0.467,$463.68 ,$993.28 
2019,3,MS,501,501,0.398,0.311,$211.78 ,$681.73 
2019,3,MO,475,463,0.41,0.352,$267.35 ,$758.99 
2019,3,MT,364,363,0.492,0.467,$373.21 ,$799.37 
2019,3,NE,362,362,0.465,0.434,$344.03 ,$792.50 
2019,3,NV,474,472,0.495,0.423,$365.38 ,$864.39 
2019,3,NH,364,362,0.378,0.318,$336.09 ,"$1,058.16 "
2019,4,IA,480,480,0.525,0.482,$395.06 ,$819.09 
2019,4,KS,494,491,0.506,0.44,$390.08 ,$886.45 
2019,4,KY,503,492,0.495,0.449,$375.29 ,$835.71 
2019,4,LA,484,483,0.339,0.288,$215.99 ,$748.80 
2019,4,ME,429,429,0.517,0.478,$351.75 ,$735.97 
2019,4,MD,482,481,0.463,0.4,$356.79 ,$892.13 
2019,4,MA,504,503,0.485,0.435,$523.40 ,"$1,202.91 "
2019,4,MI,475,470,0.451,0.382,$328.19 ,$858.57 
2019,4,MN,481,480,0.502,0.465,$467.63 ,"$1,005.38 "
2019,4,MS,501,500,0.393,0.312,$212.53 ,$682.14 
2019,4,MO,480,474,0.407,0.351,$268.75 ,$765.39 
2019,4,MT,361,360,0.49,0.463,$380.36 ,$820.87 
2019,4,NE,359,359,0.463,0.428,$347.22 ,$811.98 
2019,4,NV,434,432,0.492,0.425,$373.41 ,$879.03 
2019,4,NH,364,362,0.379,0.31,$337.97 ,"$1,090.88 "
2020,1,IA,480,480,0.524,0.484,$396.54 ,$819.56 
2020,1,KS,482,479,0.509,0.437,$392.25 ,$898.10 
2020,1,KY,503,491,0.508,0.464,$387.99 ,$835.89 
2020,1,LA,479,477,0.342,0.294,$217.30 ,$740.20 
2020,1,ME,398,398,0.508,0.469,$357.60 ,$763.16 
2020,1,MD,480,477,0.459,0.402,$357.85 ,$891.12 
2020,1,MA,474,473,0.483,0.43,$523.40 ,"$1,216.44 "
2020,1,MI,470,467,0.442,0.373,$329.45 ,$882.64 
2020,1,MN,449,448,0.5,0.46,$477.59 ,"$1,038.54 "
2020,1,MS,499,498,0.387,0.34,$212.41 ,$624.05 
2020,1,MO,480,475,0.396,0.351,$269.28 ,$767.36 
2020,1,MT,361,360,0.479,0.455,$375.55 ,$825.88 
2020,1,NE,360,360,0.469,0.433,$350.97 ,$811.40 
2020,1,NV,384,382,0.491,0.422,$377.51 ,$893.86 
2020,1,NH,364,363,0.386,0.311,$340.59 ,"$1,095.29 "
2020,2,IA,360,360,0.525,0.482,$399.38 ,$828.57 
2020,2,KS,353,352,0.517,0.443,$395.61 ,$892.73 
2020,2,KY,373,364,0.505,0.459,$392.43 ,$854.66 
2020,2,LA,349,348,0.342,0.293,$217.65 ,$741.72 
2020,2,ME,276,276,0.503,0.466,$359.24 ,$770.56 
2020,2,MD,360,357,0.455,0.398,$356.67 ,$895.93 
2020,2,MA,348,347,0.482,0.435,$525.04 ,"$1,207.28 "
2020,2,MI,348,346,0.448,0.385,$329.96 ,$857.75 
2020,2,MN,313,312,0.5,0.46,$481.10 ,"$1,045.83 "
2020,2,MS,369,368,0.386,0.34,$212.84 ,$625.22 
2020,2,MO,360,357,0.393,0.349,$270.07 ,$774.50 
2020,2,MT,270,269,0.48,0.462,$377.59 ,$817.85 
2020,2,NE,269,269,0.471,0.434,$354.01 ,$816.09 
2020,2,NV,276,275,0.491,0.425,$382.21 ,$899.95 
2020,2,NH,280,279,0.465,0.337,$325.67 ,$967.30 
2020,3,IA,287,287,0.498,0.467,$352.28 ,$754.48 
2020,3,KS,327,322,0.511,0.429,$359.00 ,$836.46 
2020,3,KY,389,379,0.473,0.427,$318.81 ,$747.15 
2020,3,LA,327,325,0.325,0.213,$190.31 ,$891.91 
2020,3,ME,258,258,0.474,0.443,$321.07 ,$724.69 
2020,3,MD,370,363,0.491,0.449,$325.38 ,$724.91 
2020,3,MA,352,351,0.436,0.433,$408.10 ,$942.07 
2020,3,MI,351,350,0.45,0.363,$309.42 ,$852.36 
2020,3,MN,329,328,0.49,0.46,$395.69 ,$860.62 
2020,3,MS,366,365,0.376,0.357,$187.38 ,$524.16 
2020,3,MO,359,356,0.404,0.355,$247.98 ,$697.74 
2020,3,MT,270,269,0.485,0.465,$326.50 ,$702.72 
2020,3,NE,268,268,0.464,0.453,$304.67 ,$672.76 
2020,3,NV,162,162,0.506,0.434,$391.88 ,$902.63 
2020,3,NH,279,276,0.419,0.357,$272.83 ,$765.16 
2020,4,IA,188,188,0.506,0.47,$349.77 ,$744.34 
2020,4,KS,307,300,0.503,0.423,$371.91 ,$879.73 
2020,4,KY,390,372,0.464,0.421,$310.73 ,$737.57 
2020,4,LA,340,336,0.331,0.231,$187.58 ,$811.24 
2020,4,ME,259,259,0.472,0.439,$322.52 ,$734.11 
2020,4,MD,361,347,0.489,0.443,$319.96 ,$722.50 
2020,4,MA,341,340,0.438,0.433,$408.91 ,$945.26 
2020,4,MI,348,346,0.449,0.365,$307.50 ,$841.71 
2020,4,MN,328,328,0.495,0.46,$386.76 ,$840.56 
2020,4,MS,366,366,0.375,0.35,$186.74 ,$533.62 
2020,4,MO,360,354,0.4,0.348,$245.47 ,$704.80 
2020,4,MT,269,268,0.494,0.467,$321.89 ,$689.45 
2020,4,NE,269,269,0.466,0.45,$304.95 ,$677.06 
2020,4,NV,172,172,0.539,0.454,$374.22 ,$824.86 
2020,4,NH,277,273,0.422,0.363,$274.36 ,$756.49 
2021,1,NH,273,269,0.413,0.364,$273.65 ,$751.41 
2021,1,IA,69,69,0.495,0.457,$337.92 ,$740.06 
2021,1,KS,312,305,0.498,0.406,$391.76 ,$964.85 
2021,1,KY,390,366,0.463,0.422,$308.45 ,$731.31 
2021,1,LA,352,348,0.332,0.234,$187.29 ,$799.72 
2021,1,ME,263,263,0.476,0.445,$326.03 ,$732.87 
2021,1,MD,358,340,0.482,0.431,$318.41 ,$738.79 
2021,1,MA,366,365,0.437,0.431,$412.87 ,$958.25 
2021,1,MI,357,355,0.456,0.373,$305.43 ,$817.83 
2021,1,MN,365,365,0.495,0.46,$388.94 ,$845.69 
2021,1,MS,366,366,0.374,0.349,$186.87 ,$536.06 
2021,1,MO,360,353,0.395,0.341,$245.50 ,$719.68 
2021,1,MT,272,271,0.49,0.454,$325.30 ,$716.53 
2021,1,NE,268,265,0.463,0.443,$309.66 ,$699.48 
2021,1,NV,230,229,0.511,0.442,$370.63 ,$839.24 
2021,2,IA,78,78,0.495,0.457,$340.94 ,$745.56 
2021,2,KS,410,402,0.497,0.408,$392.61 ,$963.37 
2021,2,KY,520,483,0.465,0.427,$316.96 ,$741.87 
2021,2,LA,482,477,0.33,0.238,$186.40 ,$784.39 
2021,2,ME,361,359,0.478,0.447,$329.35 ,$736.36 
2021,2,MD,459,437,0.477,0.422,$318.94 ,$755.25 
2021,2,MA,493,491,0.439,0.428,$420.15 ,$980.60 
2021,2,MI,488,486,0.454,0.373,$307.24 ,$823.26 
2021,2,MN,481,479,0.495,0.46,$391.50 ,$850.18 
2021,2,MS,496,496,0.373,0.346,$187.49 ,$542.07 
2021,2,MO,480,472,0.39,0.339,$247.56 ,$730.61 
2021,2,MT,364,362,0.49,0.456,$331.87 ,$728.08 
2021,2,NE,361,355,0.459,0.437,$313.93 ,$718.07 
2021,2,NH,362,356,0.396,0.354,$275.28 ,$776.74 
2021,2,NV,360,358,0.505,0.417,$369.97 ,$887.13 
2021,3,IA,61,61,0.527,0.47,$375.31 ,$797.94 
2021,3,KS,411,404,0.492,0.404,$417.11 ,"$1,032.51 "
2021,3,KY,519,480,0.469,0.45,$362.23 ,$804.61 
2021,3,LA,491,487,0.341,0.303,$184.24 ,$607.80 
2021,3,ME,361,358,0.494,0.462,$355.64 ,$769.00 
2021,3,MD,441,421,0.447,0.381,$326.97 ,$857.65 
2021,3,MA,481,478,0.453,0.424,$466.67 ,"$1,099.50 "
2021,3,MI,488,485,0.454,0.392,$311.76 ,$794.93 
2021,3,MN,465,463,0.501,0.461,$413.39 ,$896.97 
2021,3,MS,496,495,0.374,0.331,$194.23 ,$587.46 
2021,3,MO,481,474,0.368,0.321,$256.59 ,$800.49 
2021,3,MT,364,362,0.489,0.452,$363.63 ,$803.64 
2021,3,NE,362,356,0.458,0.42,$343.21 ,$816.74 
2021,3,NV,483,481,0.5,0.414,$371.73 ,$897.03 
2021,3,NH,363,359,0.385,0.344,$291.87 ,$849.15 
2021,4,IA,65,65,0.489,0.451,$399.22 ,$885.54 
2021,4,KS,417,411,0.491,0.397,$445.25 ,"$1,121.90 "
2021,4,KY,519,487,0.492,0.473,$404.85 ,$855.03 
2021,4,LA,488,485,0.333,0.288,$186.93 ,$649.41 
2021,4,ME,364,360,0.496,0.469,$361.22 ,$770.03 
2021,4,MD,448,435,0.432,0.372,$335.63 ,$901.69 
2021,4,MA,482,478,0.45,0.418,$484.49 ,"$1,160.17 "
2021,4,MI,485,482,0.452,0.394,$316.96 ,$804.77 
2021,4,MN,463,461,0.492,0.46,$426.66 ,$927.11 
2021,4,MS,495,494,0.376,0.333,$198.03 ,$595.36 
2021,4,MO,480,476,0.36,0.316,$261.60 ,$827.23 
2021,4,MT,367,365,0.478,0.451,$383.00 ,$849.77 
2021,4,NE,362,353,0.452,0.416,$354.48 ,$852.74 
2021,4,NV,489,487,0.479,0.397,$374.58 ,$943.39 
2021,4,NH,364,359,0.369,0.333,$292.70 ,$877.84 
2022,1,IA,155,155,0.516,0.484,$420.75 ,$869.18 
2022,1,KS,439,430,0.503,0.45,$422.94 ,$940.01 
2022,1,KY,501,473,0.483,0.466,$421.45 ,$904.09 
2022,1,LA,482,480,0.335,0.287,$186.57 ,$650.32 
2022,1,ME,355,351,0.492,0.465,$369.46 ,$793.78 
2022,1,MD,450,440,0.425,0.371,$338.89 ,$912.83 
2022,1,MA,472,467,0.453,0.415,$512.24 ,"$1,234.44 "
2022,1,MI,475,471,0.433,0.374,$326.05 ,$872.52 
2022,1,MN,464,461,0.484,0.456,$439.23 ,$962.30 
2022,1,MS,489,488,0.378,0.331,$199.01 ,$602.00 
2022,1,MO,480,478,0.355,0.314,$264.73 ,$841.81 
2022,1,MT,365,363,0.482,0.466,$403.95 ,$867.33 
2022,1,NE,364,357,0.453,0.42,$358.80 ,$854.29 
2022,1,NV,488,487,0.475,0.383,$379.20 ,$990.06 
2022,1,NH,361,356,0.36,0.316,$299.45 ,$947.42 
2022,2,IA,180,180,0.517,0.486,$429.51 ,$883.92 
2022,2,KS,483,474,0.514,0.455,$431.62 ,$948.66 
2022,2,KY,462,444,0.472,0.451,$417.29 ,$925.30 
2022,2,LA,482,481,0.346,0.289,$194.54 ,$672.72 
2022,2,ME,345,343,0.495,0.469,$385.87 ,$822.87 
2022,2,MD,439,432,0.424,0.374,$344.95 ,$923.10 
2022,2,MA,441,437,0.462,0.423,$535.19 ,"$1,266.50 "
2022,2,MI,484,479,0.426,0.371,$330.04 ,$889.51 
2022,2,MN,480,477,0.481,0.453,$463.81 ,"$1,023.30 "
2022,2,MS,481,480,0.38,0.333,$205.95 ,$618.95 
2022,2,MO,480,479,0.354,0.312,$270.09 ,$864.79 
2022,2,MT,364,363,0.481,0.464,$421.65 ,$909.68 
2022,2,NE,361,357,0.462,0.425,$368.55 ,$868.08 
2022,2,NV,479,478,0.461,0.391,$392.40 ,"$1,002.40 "
2022,2,NH,361,359,0.343,0.297,$316.10 ,"$1,064.62 "
2018,1,NJ,484,477,0.529,0.45,$441.92 ,$982.78 
2018,1,NM,493,491,0.5,0.423,$315.90 ,$747.15 
2018,1,NY,471,470,0.406,0.335,$338.24 ,"$1,009.39 "
2018,1,NC,520,520,0.383,0.33,$261.73 ,$793.66 
2018,1,ND,355,353,0.502,0.481,$469.50 ,$976.53 
2018,1,OH,478,477,0.434,0.389,$352.70 ,$907.07 
2018,1,OK,516,513,0.53,0.468,$367.94 ,$785.59 
2018,1,OR,468,463,0.478,0.434,$392.99 ,$906.39 
2018,1,PA,481,479,0.531,0.474,$392.15 ,$826.86 
2018,1,PR,126,126,0.329,0.303,$114.85 ,$378.47 
2018,1,RI,490,480,0.46,0.413,$352.21 ,$853.18 
2018,1,SC,510,508,0.432,0.358,$263.63 ,$735.74 
2018,1,SD,360,360,0.465,0.429,$331.70 ,$772.99 
2018,1,TN,479,479,0.38,0.318,$238.75 ,$751.15 
2018,1,TX,471,471,0.505,0.419,$402.00 ,$958.54 
2018,2,NJ,484,476,0.527,0.456,$442.41 ,$970.87 
2018,2,NM,480,478,0.507,0.429,$319.78 ,$744.59 
2018,2,NY,480,479,0.407,0.337,$339.81 ,"$1,009.67 "
2018,2,NC,520,520,0.383,0.332,$262.15 ,$790.40 
2018,2,ND,360,358,0.5,0.483,$467.65 ,$968.08 
2018,2,OH,481,479,0.437,0.388,$354.05 ,$913.67 
2018,2,OK,518,516,0.534,0.469,$367.90 ,$785.15 
2018,2,OR,481,479,0.484,0.443,$395.51 ,$893.68 
2018,2,PA,484,482,0.526,0.469,$390.15 ,$831.02 
2018,2,PR,154,152,0.322,0.297,$114.95 ,$386.96 
2018,2,RI,482,473,0.454,0.406,$351.12 ,$864.51 
2018,2,SC,512,510,0.429,0.351,$264.87 ,$754.41 
2018,2,SD,360,360,0.466,0.434,$334.19 ,$769.21 
2018,2,TN,485,485,0.374,0.319,$239.79 ,$750.58 
2018,2,TX,484,484,0.504,0.409,$402.18 ,$983.89 
2018,3,NJ,484,477,0.523,0.446,$445.65 ,$998.82 
2018,3,NM,468,464,0.499,0.417,$324.70 ,$777.86 
2018,3,NY,480,478,0.398,0.311,$339.78 ,"$1,093.16 "
2018,3,NC,520,520,0.38,0.324,$260.47 ,$802.89 
2018,3,ND,362,360,0.502,0.487,$466.29 ,$957.67 
2018,3,OH,493,490,0.44,0.392,$356.41 ,$908.87 
2018,3,OK,520,519,0.529,0.459,$368.02 ,$801.20 
2018,3,OR,486,482,0.49,0.45,$401.90 ,$892.88 
2018,3,PA,487,486,0.525,0.478,$391.47 ,$819.01 
2018,3,RI,477,472,0.448,0.413,$350.27 ,$847.58 
2018,3,SC,505,502,0.425,0.349,$264.41 ,$758.26 
2018,3,SD,360,360,0.473,0.446,$336.69 ,$754.22 
2018,3,TN,495,494,0.378,0.324,$240.53 ,$743.44 
2018,3,TX,492,491,0.494,0.4,$403.02 ,"$1,006.88 "
2018,3,PR,244,242,0.339,0.298,$120.76 ,$405.44 
2018,4,NJ,475,471,0.523,0.456,$447.92 ,$981.82 
2018,4,NM,485,481,0.498,0.434,$330.12 ,$760.01 
2018,4,NY,478,477,0.392,0.306,$342.47 ,"$1,120.72 "
2018,4,NC,520,520,0.379,0.329,$260.08 ,$791.44 
2018,4,ND,362,360,0.506,0.489,$464.03 ,$948.92 
2018,4,OH,480,475,0.434,0.389,$357.97 ,$919.39 
2018,4,OK,520,520,0.53,0.458,$367.98 ,$804.19 
2018,4,OR,499,492,0.49,0.455,$401.45 ,$882.97 
2018,4,PA,492,491,0.533,0.492,$394.63 ,$801.47 
2018,4,RI,483,477,0.445,0.412,$349.73 ,$847.95 
2018,4,SC,496,494,0.427,0.355,$263.99 ,$743.74 
2018,4,SD,360,360,0.478,0.449,$340.17 ,$758.20 
2018,4,TN,480,478,0.37,0.316,$239.99 ,$760.64 
2018,4,TX,489,488,0.488,0.391,$409.62 ,"$1,046.66 "
2018,4,PR,374,372,0.336,0.295,$120.55 ,$408.04 
2019,1,NJ,475,472,0.523,0.437,$452.39 ,"$1,034.98 "
2019,1,NM,461,459,0.512,0.444,$334.40 ,$752.32 
2019,1,NY,489,488,0.387,0.3,$345.00 ,"$1,150.22 "
2019,1,NC,520,520,0.377,0.324,$263.48 ,$812.81 
2019,1,ND,360,358,0.506,0.487,$463.93 ,$953.44 
2019,1,OH,475,470,0.434,0.393,$358.92 ,$912.76 
2019,1,OK,520,518,0.529,0.472,$370.22 ,$784.84 
2019,1,OR,490,481,0.505,0.464,$413.40 ,$890.61 
2019,1,PA,488,485,0.528,0.489,$398.86 ,$816.37 
2019,1,PR,504,501,0.337,0.298,$120.75 ,$405.73 
2019,1,RI,472,463,0.43,0.403,$351.14 ,$872.35 
2019,1,SC,483,481,0.417,0.346,$267.91 ,$774.92 
2019,1,SD,360,359,0.482,0.451,$348.18 ,$771.56 
2019,1,TN,480,478,0.372,0.318,$239.95 ,$754.57 
2019,1,TX,480,478,0.487,0.408,$412.03 ,"$1,010.47 "
2019,2,NJ,475,473,0.515,0.429,$453.52 ,"$1,056.58 "
2019,2,NM,485,483,0.517,0.449,$334.20 ,$744.20 
2019,2,NY,480,479,0.389,0.295,$349.01 ,"$1,181.24 "
2019,2,NC,520,519,0.375,0.325,$266.16 ,$819.36 
2019,2,ND,360,358,0.502,0.485,$456.70 ,$942.10 
2019,2,OH,480,475,0.425,0.388,$360.60 ,$928.22 
2019,2,OK,518,516,0.527,0.469,$374.23 ,$798.24 
2019,2,OR,481,472,0.501,0.458,$418.08 ,$913.74 
2019,2,PA,484,480,0.525,0.481,$403.40 ,$837.94 
2019,2,PR,492,490,0.33,0.287,$120.62 ,$419.71 
2019,2,RI,482,472,0.426,0.403,$353.44 ,$876.84 
2019,2,SC,490,488,0.411,0.339,$267.56 ,$790.31 
2019,2,SD,360,359,0.483,0.45,$352.82 ,$783.98 
2019,2,TN,475,473,0.374,0.316,$239.03 ,$755.66 
2019,2,TX,480,478,0.488,0.409,$413.88 ,"$1,012.88 "
2019,3,NJ,474,472,0.512,0.429,$455.12 ,"$1,060.54 "
2019,3,NM,497,497,0.524,0.459,$337.78 ,$735.81 
2019,3,NY,480,480,0.392,0.312,$352.54 ,"$1,131.62 "
2019,3,NC,520,518,0.377,0.32,$271.36 ,$849.31 
2019,3,ND,358,356,0.499,0.482,$458.67 ,$950.74 
2019,3,OH,469,463,0.416,0.38,$361.14 ,$950.39 
2019,3,OK,516,514,0.531,0.471,$376.85 ,$800.11 
2019,3,OR,474,468,0.49,0.449,$417.38 ,$929.47 
2019,3,PA,482,477,0.521,0.477,$406.03 ,$851.40 
2019,3,PR,491,489,0.362,0.318,$133.56 ,$419.51 
2019,3,RI,483,474,0.425,0.402,$354.64 ,$882.73 
2019,3,SC,484,481,0.409,0.339,$272.03 ,$802.16 
2019,3,SD,360,359,0.482,0.451,$351.87 ,$780.05 
2019,3,TN,486,485,0.371,0.315,$238.33 ,$755.82 
2019,3,TX,480,479,0.498,0.424,$417.66 ,$984.40 
2019,4,NJ,483,481,0.511,0.429,$458.15 ,"$1,068.06 "
2019,4,NM,491,488,0.533,0.468,$341.65 ,$729.85 
2019,4,NY,480,478,0.4,0.325,$359.46 ,"$1,105.25 "
2019,4,NC,520,516,0.38,0.319,$275.91 ,$863.71 
2019,4,ND,358,356,0.501,0.479,$465.33 ,$970.92 
2019,4,OH,473,469,0.422,0.384,$362.69 ,$943.72 
2019,4,OK,508,506,0.522,0.453,$387.14 ,$855.10 
2019,4,OR,481,477,0.49,0.447,$423.09 ,$947.32 
2019,4,PA,475,469,0.509,0.459,$408.43 ,$890.77 
2019,4,PR,460,457,0.391,0.345,$144.84 ,$419.73 
2019,4,RI,482,476,0.429,0.398,$362.06 ,$910.01 
2019,4,SC,484,480,0.406,0.336,$273.74 ,$815.68 
2019,4,SD,359,358,0.479,0.448,$353.41 ,$788.75 
2019,4,TN,480,480,0.372,0.318,$240.13 ,$754.40 
2019,4,TX,481,479,0.496,0.425,$418.84 ,$985.58 
2020,1,NJ,461,458,0.515,0.441,$460.53 ,"$1,044.83 "
2020,1,NM,474,471,0.527,0.471,$339.49 ,$720.49 
2020,1,NY,480,478,0.414,0.337,$370.12 ,"$1,099.27 "
2020,1,NC,520,514,0.381,0.324,$275.36 ,$849.44 
2020,1,ND,361,361,0.503,0.482,$473.82 ,$982.29 
2020,1,OH,478,471,0.441,0.393,$363.97 ,$925.85 
2020,1,OK,496,495,0.531,0.461,$395.76 ,$859.25 
2020,1,OR,479,477,0.479,0.439,$424.29 ,$965.63 
2020,1,PA,475,472,0.512,0.463,$408.36 ,$881.84 
2020,1,PR,452,448,0.422,0.404,$168.62 ,$417.83 
2020,1,RI,474,471,0.431,0.392,$366.52 ,$935.55 
2020,1,SC,485,482,0.419,0.351,$275.12 ,$783.10 
2020,1,SD,360,360,0.465,0.431,$359.03 ,$832.34 
2020,1,TN,479,479,0.374,0.315,$243.06 ,$771.47 
2020,1,TX,502,501,0.5,0.428,$427.21 ,$997.73 
2020,2,NJ,340,339,0.519,0.444,$459.89 ,"$1,036.30 "
2020,2,NM,336,333,0.526,0.469,$340.90 ,$727.47 
2020,2,NY,367,365,0.415,0.346,$366.24 ,"$1,058.39 "
2020,2,NC,390,385,0.382,0.323,$275.83 ,$854.75 
2020,2,ND,271,271,0.504,0.483,$481.08 ,$996.74 
2020,2,OH,340,335,0.449,0.399,$364.63 ,$914.57 
2020,2,OK,368,367,0.534,0.464,$399.52 ,$861.45 
2020,2,OR,350,348,0.478,0.441,$426.11 ,$965.15 
2020,2,PA,362,360,0.517,0.471,$408.50 ,$867.25 
2020,2,PR,338,335,0.447,0.439,$180.90 ,$412.40 
2020,2,RI,348,346,0.427,0.4,$364.88 ,$912.83 
2020,2,SC,352,349,0.429,0.373,$276.70 ,$742.73 
2020,2,SD,267,267,0.464,0.431,$359.18 ,$832.46 
2020,2,TN,361,361,0.375,0.314,$243.90 ,$776.04 
2020,2,TX,407,406,0.526,0.444,$401.86 ,$905.34 
2020,3,NJ,344,339,0.526,0.484,$417.46 ,$862.52 
2020,3,NM,318,314,0.519,0.461,$311.23 ,$675.16 
2020,3,NY,344,341,0.41,0.323,$344.35 ,"$1,066.28 "
2020,3,NC,390,386,0.381,0.317,$235.85 ,$743.43 
2020,3,ND,184,184,0.486,0.473,$444.73 ,$939.37 
2020,3,OH,340,333,0.47,0.434,$332.45 ,$766.64 
2020,3,OK,365,360,0.533,0.494,$355.85 ,$720.72 
2020,3,OR,315,312,0.481,0.452,$370.98 ,$820.38 
2020,3,PA,352,351,0.503,0.459,$358.64 ,$781.40 
2020,3,PR,350,345,0.484,0.455,$180.70 ,$397.14 
2020,3,RI,341,335,0.414,0.402,$330.32 ,$821.95 
2020,3,SC,343,341,0.441,0.383,$247.67 ,$646.61 
2020,3,SD,267,267,0.498,0.464,$320.37 ,$690.22 
2020,3,TN,355,355,0.379,0.327,$218.51 ,$668.09 
2020,3,TX,403,402,0.516,0.425,$371.91 ,$875.53 
2020,4,NJ,344,336,0.523,0.479,$410.77 ,$857.29 
2020,4,NM,317,314,0.528,0.475,$318.02 ,$669.28 
2020,4,NY,357,353,0.418,0.339,$344.15 ,"$1,014.71 "
2020,4,NC,390,386,0.379,0.322,$234.01 ,$727.76 
2020,4,ND,158,158,0.516,0.503,$451.32 ,$897.11 
2020,4,OH,341,333,0.465,0.433,$329.82 ,$760.88 
2020,4,OK,373,364,0.523,0.493,$347.75 ,$704.71 
2020,4,OR,291,285,0.484,0.459,$368.40 ,$803.48 
2020,4,PA,356,355,0.504,0.465,$352.27 ,$757.23 
2020,4,PR,373,367,0.495,0.466,$183.21 ,$393.04 
2020,4,RI,330,308,0.422,0.409,$327.09 ,$799.93 
2020,4,SC,343,341,0.44,0.384,$245.84 ,$639.45 
2020,4,SD,267,267,0.496,0.463,$321.84 ,$694.56 
2020,4,TN,353,352,0.379,0.327,$217.62 ,$666.37 
2020,4,TX,406,406,0.509,0.425,$371.28 ,$873.85 
2021,1,NY,356,349,0.416,0.347,$341.59 ,$984.76 
2021,1,RI,351,299,0.423,0.399,$330.30 ,$828.54 
2021,1,TX,400,400,0.51,0.423,$366.70 ,$867.66 
2021,1,NJ,366,357,0.519,0.48,$421.69 ,$878.45 
2021,1,NM,332,329,0.525,0.475,$314.24 ,$661.38 
2021,1,NC,390,387,0.375,0.315,$231.94 ,$735.21 
2021,1,ND,156,156,0.532,0.524,$462.25 ,$882.70 
2021,1,OH,348,339,0.46,0.428,$336.19 ,$784.95 
2021,1,OK,385,371,0.515,0.489,$343.54 ,$702.39 
2021,1,OR,332,323,0.476,0.448,$367.95 ,$820.85 
2021,1,PA,367,365,0.505,0.466,$352.39 ,$756.77 
2021,1,PR,364,355,0.503,0.465,$182.62 ,$392.94 
2021,1,SC,334,332,0.437,0.382,$246.91 ,$646.99 
2021,1,SD,267,267,0.497,0.464,$325.70 ,$701.49 
2021,1,TN,353,352,0.376,0.327,$217.94 ,$665.80 
2021,2,NJ,486,472,0.52,0.476,$425.71 ,$894.62 
2021,2,NM,449,443,0.518,0.465,$314.48 ,$676.77 
2021,2,NY,480,465,0.413,0.343,$344.61 ,"$1,005.13 "
2021,2,NC,520,514,0.373,0.315,$233.82 ,$743.32 
2021,2,ND,247,247,0.525,0.514,$460.02 ,$894.34 
2021,2,OH,481,469,0.459,0.426,$340.16 ,$798.43 
2021,2,OK,515,485,0.506,0.475,$339.70 ,$714.47 
2021,2,OR,491,475,0.473,0.446,$369.93 ,$829.66 
2021,2,PA,483,479,0.509,0.471,$355.73 ,$756.02 
2021,2,PR,460,450,0.505,0.466,$184.05 ,$395.15 
2021,2,RI,421,346,0.421,0.396,$330.32 ,$833.48 
2021,2,SC,420,417,0.436,0.381,$248.37 ,$652.60 
2021,2,SD,360,360,0.491,0.458,$328.15 ,$716.26 
2021,2,TN,473,472,0.376,0.331,$218.72 ,$660.96 
2021,2,TX,481,480,0.504,0.421,$366.40 ,$870.60 
2021,3,NJ,478,462,0.519,0.456,$457.08 ,"$1,002.10 "
2021,3,NM,467,461,0.515,0.464,$324.46 ,$699.77 
2021,3,NY,502,485,0.415,0.371,$349.50 ,$943.29 
2021,3,NC,520,513,0.364,0.317,$242.71 ,$765.83 
2021,3,ND,337,336,0.534,0.517,$476.61 ,$922.58 
2021,3,OH,488,478,0.446,0.411,$361.34 ,$878.32 
2021,3,OK,520,488,0.493,0.455,$341.83 ,$750.66 
2021,3,OR,525,508,0.467,0.441,$387.03 ,$877.83 
2021,3,PA,482,464,0.517,0.484,$373.87 ,$772.81 
2021,3,PR,457,441,0.531,0.485,$194.92 ,$401.89 
2021,3,RI,432,349,0.432,0.392,$349.39 ,$891.30 
2021,3,SC,417,415,0.424,0.374,$258.77 ,$692.22 
2021,3,SD,360,360,0.466,0.435,$356.02 ,$818.30 
2021,3,TN,470,469,0.367,0.33,$226.95 ,$688.14 
2021,3,TX,480,477,0.496,0.427,$369.25 ,$865.67 
2021,4,NJ,476,457,0.528,0.465,$481.03 ,"$1,035.15 "
2021,4,NM,456,448,0.493,0.437,$319.13 ,$730.50 
2021,4,NY,490,475,0.404,0.365,$348.84 ,$955.79 
2021,4,NC,520,514,0.355,0.303,$241.76 ,$797.98 
2021,4,ND,362,361,0.516,0.503,$477.70 ,$950.52 
2021,4,OH,490,480,0.448,0.407,$378.60 ,$930.46 
2021,4,OK,520,490,0.489,0.447,$338.84 ,$757.76 
2021,4,OR,529,514,0.449,0.425,$396.17 ,$932.93 
2021,4,PA,481,454,0.526,0.49,$389.57 ,$795.34 
2021,4,PR,425,407,0.528,0.47,$198.47 ,$422.73 
2021,4,RI,417,345,0.423,0.38,$357.19 ,$939.00 
2021,4,SC,411,410,0.42,0.369,$265.63 ,$719.37 
2021,4,SD,361,361,0.463,0.431,$365.42 ,$848.61 
2021,4,TN,480,480,0.36,0.329,$230.55 ,$699.94 
2021,4,TX,478,475,0.508,0.421,$366.73 ,$871.02 
2022,1,NJ,475,452,0.527,0.457,$473.28 ,"$1,035.46 "
2022,1,NM,417,404,0.472,0.407,$334.73 ,$823.44 
2022,1,NY,484,470,0.402,0.358,$353.12 ,$987.51 
2022,1,NC,520,515,0.357,0.312,$246.33 ,$790.64 
2022,1,ND,363,362,0.502,0.488,$478.66 ,$980.34 
2022,1,OH,476,469,0.444,0.402,$387.69 ,$964.95 
2022,1,OK,520,496,0.483,0.435,$333.93 ,$767.64 
2022,1,OR,504,491,0.461,0.441,$411.14 ,$931.62 
2022,1,PA,481,452,0.523,0.487,$402.64 ,$826.04 
2022,1,PR,441,424,0.518,0.459,$198.64 ,$432.73 
2022,1,RI,383,338,0.426,0.403,$366.32 ,$909.52 
2022,1,SC,429,428,0.419,0.366,$266.94 ,$729.17 
2022,1,SD,361,361,0.455,0.426,$380.16 ,$893.41 
2022,1,TN,482,482,0.359,0.325,$230.85 ,$710.80 
2022,1,TX,480,477,0.508,0.439,$381.17 ,$868.16 
2022,2,NJ,474,454,0.525,0.456,$488.93 ,"$1,072.05 "
2022,2,NM,390,380,0.477,0.416,$354.23 ,$850.81 
2022,2,NY,480,473,0.401,0.37,$355.55 ,$959.73 
2022,2,NC,520,516,0.354,0.309,$250.58 ,$810.48 
2022,2,ND,360,359,0.505,0.472,$496.16 ,"$1,050.46 "
2022,2,OH,480,473,0.436,0.396,$398.89 ,"$1,007.62 "
2022,2,OK,520,509,0.491,0.44,$344.70 ,$784.12 
2022,2,OR,479,470,0.467,0.445,$434.11 ,$974.91 
2022,2,PA,482,454,0.509,0.472,$419.98 ,$890.47 
2022,2,PR,475,451,0.514,0.45,$198.49 ,$441.20 
2022,2,RI,436,414,0.441,0.404,$393.00 ,$971.90 
2022,2,SC,486,484,0.417,0.362,$271.79 ,$750.51 
2022,2,SD,361,361,0.459,0.427,$396.17 ,$928.78 
2022,2,TN,481,481,0.341,0.299,$237.50 ,$794.59 
2022,2,TX,481,479,0.51,0.436,$416.34 ,$955.36 
2018,1,UT,494,494,0.494,0.439,$401.30 ,$913.29 
2018,1,VT,354,353,0.5,0.466,$350.97 ,$753.22 
2018,1,VA,480,478,0.418,0.331,$309.59 ,$935.59 
2018,1,WA,507,506,0.505,0.451,$473.06 ,"$1,048.14 "
2018,1,WV,487,486,0.416,0.387,$288.35 ,$745.74 
2018,1,WI,498,498,0.448,0.4,$318.50 ,$797.05 
2018,1,WY,359,359,0.528,0.495,$381.06 ,$769.33 
2018,2,UT,481,481,0.496,0.444,$411.62 ,$927.68 
2018,2,VT,361,360,0.5,0.468,$352.50 ,$752.54 
2018,2,VA,480,477,0.414,0.332,$309.36 ,$932.49 
2018,2,WA,487,487,0.51,0.458,$476.61 ,"$1,041.00 "
2018,2,WV,476,475,0.412,0.385,$289.05 ,$750.03 
2018,2,WI,483,483,0.453,0.401,$318.52 ,$794.74 
2018,2,WY,359,359,0.512,0.479,$377.78 ,$789.42 
2018,3,UT,479,479,0.494,0.447,$412.93 ,$923.93 
2018,3,VT,351,351,0.5,0.471,$357.90 ,$760.10 
2018,3,VA,480,476,0.415,0.339,$312.37 ,$921.95 
2018,3,WA,465,463,0.508,0.451,$479.72 ,"$1,064.48 "
2018,3,WV,475,474,0.414,0.388,$289.99 ,$748.26 
2018,3,WI,476,476,0.452,0.4,$318.99 ,$796.54 
2018,3,WY,360,360,0.513,0.48,$376.01 ,$784.00 
2018,4,UT,475,474,0.495,0.448,$419.99 ,$937.09 
2018,4,VT,328,328,0.501,0.466,$363.98 ,$781.11 
2018,4,VA,480,477,0.413,0.338,$313.73 ,$929.20 
2018,4,WA,431,429,0.505,0.456,$482.31 ,"$1,058.22 "
2018,4,WV,481,480,0.412,0.381,$293.63 ,$770.46 
2018,4,WI,458,457,0.452,0.4,$318.30 ,$796.55 
2018,4,WY,360,360,0.512,0.479,$379.13 ,$790.92 
2019,1,UT,478,477,0.49,0.451,$425.64 ,$943.94 
2019,1,VT,303,303,0.496,0.459,$371.19 ,$808.02 
2019,1,VA,480,477,0.41,0.332,$317.08 ,$954.76 
2019,1,WA,447,445,0.503,0.453,$487.64 ,"$1,077.03 "
2019,1,WV,475,475,0.394,0.348,$306.12 ,$880.28 
2019,1,WI,468,467,0.443,0.39,$322.03 ,$825.51 
2019,1,WY,360,360,0.512,0.476,$386.59 ,$812.84 
2019,2,UT,484,481,0.494,0.456,$426.39 ,$935.53 
2019,2,VT,274,273,0.489,0.455,$371.48 ,$816.86 
2019,2,VA,480,479,0.413,0.331,$318.56 ,$961.50 
2019,2,WA,480,476,0.499,0.447,$494.09 ,"$1,106.56 "
2019,2,WV,481,481,0.389,0.344,$312.73 ,$908.76 
2019,2,WI,482,481,0.435,0.381,$321.56 ,$843.51 
2019,2,WY,361,361,0.522,0.483,$390.75 ,$809.42 
2019,3,UT,488,485,0.498,0.455,$433.48 ,$951.86 
2019,3,VT,245,244,0.487,0.45,$369.74 ,$821.20 
2019,3,VA,485,485,0.413,0.339,$318.09 ,$937.17 
2019,3,WA,485,483,0.498,0.451,$496.10 ,"$1,099.84 "
2019,3,WV,480,480,0.384,0.341,$316.08 ,$928.09 
2019,3,WI,499,498,0.429,0.376,$322.84 ,$857.71 
2019,3,WY,359,359,0.517,0.476,$395.78 ,$831.65 
2019,4,UT,488,486,0.5,0.456,$439.76 ,$964.94 
2019,4,VT,203,202,0.5,0.467,$373.68 ,$800.64 
2019,4,VA,494,493,0.414,0.346,$320.23 ,$924.53 
2019,4,WA,509,507,0.495,0.451,$504.21 ,"$1,117.95 "
2019,4,WV,480,480,0.386,0.339,$325.17 ,$958.57 
2019,4,WI,499,499,0.431,0.378,$323.96 ,$856.14 
2019,4,WY,360,360,0.523,0.481,$403.21 ,$838.12 
2020,1,UT,472,470,0.514,0.466,$450.81 ,$968.17 
2020,1,VT,153,152,0.518,0.482,$378.91 ,$786.27 
2020,1,VA,480,479,0.416,0.358,$321.57 ,$899.29 
2020,1,WA,485,479,0.482,0.438,$515.14 ,"$1,176.14 "
2020,1,WV,479,478,0.398,0.354,$328.74 ,$929.59 
2020,1,WI,464,464,0.429,0.378,$324.02 ,$856.78 
2020,1,WY,360,360,0.52,0.476,$414.60 ,$870.32 
2020,2,UT,362,362,0.517,0.469,$452.08 ,$964.13 
2020,2,VT,91,91,0.548,0.514,$390.29 ,$759.54 
2020,2,VA,350,349,0.413,0.363,$322.40 ,$887.60 
2020,2,WA,343,339,0.477,0.436,$519.18 ,"$1,189.56 "
2020,2,WV,356,355,0.399,0.351,$330.98 ,$941.96 
2020,2,WI,334,334,0.426,0.381,$325.23 ,$854.72 
2020,2,WY,270,270,0.517,0.476,$419.21 ,$881.25 
2020,3,UT,355,353,0.468,0.447,$381.78 ,$854.86 
2020,3,VT,39,39,0.604,0.572,$426.55 ,$745.30 
2020,3,VA,363,362,0.413,0.357,$275.70 ,$773.05 
2020,3,WA,313,309,0.493,0.448,$486.95 ,"$1,086.08 "
2020,3,WV,271,270,0.403,0.364,$296.25 ,$814.03 
2020,3,WI,320,319,0.423,0.384,$308.62 ,$803.06 
2020,3,WY,271,271,0.506,0.446,$413.34 ,$927.16 
2020,4,UT,343,341,0.468,0.445,$386.87 ,$869.91 
2020,4,VT,16,16,0.586,0.58,$427.87 ,$738.16 
2020,4,VA,376,376,0.407,0.346,$277.08 ,$799.92 
2020,4,WA,298,292,0.497,0.447,$483.43 ,"$1,081.76 "
2020,4,WV,269,268,0.392,0.366,$272.12 ,$744.01 
2020,4,WI,305,304,0.417,0.374,$305.44 ,$816.16 
2020,4,WY,268,268,0.501,0.446,$417.42 ,$935.41 
2021,1,UT,357,353,0.457,0.432,$385.90 ,$892.45 
2021,1,VA,390,389,0.405,0.342,$276.64 ,$808.88 
2021,1,WA,346,344,0.505,0.46,$482.21 ,"$1,048.36 "
2021,1,WV,249,248,0.381,0.362,$259.30 ,$717.20 
2021,1,WI,331,329,0.422,0.38,$301.40 ,$793.04 
2021,1,WY,269,269,0.504,0.451,$422.28 ,$937.27 
2021,1,VT,65,65,0.51,0.501,$383.95 ,$765.77 
2021,2,UT,480,475,0.462,0.438,$387.12 ,$884.45 
2021,2,VA,520,517,0.402,0.338,$278.42 ,$823.24 
2021,2,WA,484,482,0.502,0.456,$486.53 ,"$1,065.81 "
2021,2,WV,327,324,0.379,0.357,$261.11 ,$731.08 
2021,2,WI,450,448,0.421,0.379,$300.33 ,$791.91 
2021,2,WY,360,360,0.505,0.452,$420.61 ,$930.43 
2021,2,VT,135,135,0.503,0.488,$379.32 ,$777.40 
2021,3,UT,480,476,0.482,0.446,$426.50 ,$956.00 
2021,3,VA,520,516,0.383,0.313,$295.04 ,$941.92 
2021,3,WA,484,481,0.502,0.462,$510.42 ,"$1,105.38 "
2021,3,WV,414,407,0.368,0.345,$270.25 ,$783.37 
2021,3,WI,447,446,0.419,0.375,$299.01 ,$797.23 
2021,3,WY,360,360,0.511,0.469,$428.20 ,$912.73 
2021,3,VT,205,203,0.507,0.491,$380.74 ,$775.42 
2021,4,UT,488,483,0.487,0.45,$425.44 ,$946.05 
2021,4,VT,281,278,0.505,0.488,$381.33 ,$780.71 
2021,4,VA,504,498,0.381,0.31,$300.69 ,$969.84 
2021,4,WA,506,505,0.501,0.465,$525.08 ,"$1,129.27 "
2021,4,WV,418,410,0.364,0.337,$281.70 ,$835.62 
2021,4,WI,473,472,0.42,0.377,$299.70 ,$794.93 
2021,4,WY,362,362,0.514,0.471,$427.29 ,$907.07 
2022,1,UT,487,483,0.506,0.468,$441.48 ,$942.72 
2022,1,VT,291,288,0.498,0.474,$387.29 ,$816.90 
2022,1,VA,504,498,0.372,0.302,$306.85 ,"$1,017.67 "
2022,1,WA,470,469,0.508,0.473,$548.21 ,"$1,159.67 "
2022,1,WV,441,434,0.359,0.33,$284.61 ,$862.66 
2022,1,WI,481,481,0.405,0.361,$305.80 ,$847.41 
2022,1,WY,361,361,0.508,0.464,$419.97 ,$904.96 
2022,2,UT,481,478,0.505,0.461,$465.76 ,"$1,009.81 "
2022,2,VT,292,289,0.497,0.469,$397.30 ,$846.49 
2022,2,VA,504,500,0.372,0.302,$317.37 ,"$1,051.69 "
2022,2,WA,438,437,0.514,0.482,$568.21 ,"$1,177.99 "
2022,2,WV,481,476,0.357,0.328,$293.72 ,$896.81 
2022,2,WI,487,486,0.403,0.352,$315.63 ,$895.58 
2022,2,WY,360,360,0.506,0.463,$427.92 ,$923.36 
 ,,,,,,,,
